review_priority,consistency_flag,review_reasons,review_status,manual_decision,manual_notes,person_id,source_position_id,page_number,district,settlement,household_id,name_raw,sex,age,legal_status,legal_status_norm,family_status,family_status_norm,comments,notes_raw
high,YES,AGE_ZERO_VERIFY_SOURCE; BLANK_FAMILY_STATUS_NORM,under review,,Owner reviewed all age-zero records on 2026-07-13 and found no anomalies.,P002099,1-04-126-0406,155,Александровский,Ново-Михайловское,126,Анна Иванова Чернова,Женский,0,Дочь поселенца,Дочь поселенца,,,10 месяцев,РГБ № 3938
high,YES,AGE_ZERO_VERIFY_SOURCE; BLANK_FAMILY_STATUS_NORM,under review,,Owner reviewed all age-zero records on 2026-07-13 and found no anomalies.,P003019,2-19-056-0135,231,Тымовский,Верхний Армудан,56,Иван Никитин,Мужской,0,Сын поселки,Сын поселки,,,3 недели; 138 467,РГБ № 4664
high,YES,AGE_ZERO_VERIFY_SOURCE; BLANK_FAMILY_STATUS_NORM,under review,,Owner reviewed all age-zero records on 2026-07-13 and found no anomalies.,P006002,2-27-118-0240,396,Тымовский,Андрее-Ивановское,118,Бевинар Шамшутдинова,Женский,0,Дочь ссыльнокаторжной,Дочь ссыльнокаторжной,,,6 месяцев,РГБ № 4961
high,YES,ADULT_HOUSEHOLD_ROLE_IN_FAMILY_STATUS_NORM,under review,,,P000047,1-01-009-0047,30,Александровский,Александровское,9,Акулина Петрова Кучма,Женский,2,Женщина свободного состояния,Свободного состояния,Жена,Жена,,РГБ № 2026
high,YES,ADULT_HOUSEHOLD_ROLE_IN_FAMILY_STATUS_NORM; STANDALONE_ADULT_LEGAL_STATUS_NORM,under review,,,P000129,1-02-000-0034,35,Александровский,Пост Александровский,,Егор Крус,Мужской,3,Ссыльнокаторжный,Ссыльнокаторжный,Хозяин,Хозяин,,РГБ № 1048
high,YES,ADULT_HOUSEHOLD_ROLE_IN_FAMILY_STATUS_NORM; STANDALONE_ADULT_LEGAL_STATUS_NORM,under review,,,P000319,1-02-035-0224,46,Александровский,Пост Александровский,35,Давид Васильев Бирченко,Мужской,3,Ссыльнокаторжный,Ссыльнокаторжный,Хозяин квартиры,Хозяин,,РГБ № 118
high,YES,ADULT_HOUSEHOLD_ROLE_IN_FAMILY_STATUS_NORM; STANDALONE_ADULT_LEGAL_STATUS_NORM,under review,,,P002174,1-05-025-0035,160,Александровский,Красный Яр,25,Василий Григорьев Осатчий,Мужской,3,Поселенец,Поселенец,Хозяин,Хозяин,42,РГБ № 1959
high,YES,ADULT_HOUSEHOLD_ROLE_IN_FAMILY_STATUS_NORM; STANDALONE_ADULT_LEGAL_STATUS_NORM,under review,,,P002716,1-18-028-0106,193,Александровский,Пост Дуэ,28,Алексей Кузьмин Барменцев,Мужской,3,Ссыльнокаторжный,Ссыльнокаторжный,Хозяин,Хозяин,,РГАЛИ № 153
high,YES,BLANK_FAMILY_STATUS_NORM; STANDALONE_ADULT_LEGAL_STATUS_NORM,under review,,,P002822,1-18-000-0212,200,Александровский,Пост Дуэ,,Рахим Юсупов,Мужской,3,Ссыльнокаторжный,Ссыльнокаторжный,,,,РГАЛИ № 92
high,YES,BLANK_FAMILY_STATUS_NORM; STANDALONE_ADULT_LEGAL_STATUS_NORM,under review,,,P002840,1-18-000-0230,201,Александровский,Пост Дуэ,,Никита Сидоров Плеханов,Мужской,3,Ссыльнокаторжный,Ссыльнокаторжный,,,,РГАЛИ № 103
high,YES,ADULT_HOUSEHOLD_ROLE_IN_FAMILY_STATUS_NORM; STANDALONE_ADULT_LEGAL_STATUS_NORM,under review,,,P006154,3-28-023-0028,414,Корсаковский,Маука,23,Филипп Полещук,Мужской,3,Поселенец,Поселенец,Хозяин,Хозяин,,РГБ № 6837
high,YES,ADULT_HOUSEHOLD_ROLE_IN_FAMILY_STATUS_NORM; STANDALONE_ADULT_LEGAL_STATUS_NORM,under review,,,P004213,2-24-042-0177,296,Тымовский,Рыковское,42,Матвей Лукьянов Андреев,Мужской,3,Ссыльнокаторжный,Ссыльнокаторжный,Хозяин,Хозяин,192,РГБ № 1182
high,YES,ADULT_HOUSEHOLD_ROLE_IN_FAMILY_STATUS_NORM,under review,,,P005013,2-24-274-0977,340,Тымовский,Рыковское,274,Анисья Федотова Сеченова,Женский,3,Женщина свободного состояния,Свободного состояния,Жена,Жена,1043,РГБ № 1703
high,YES,ADULT_HOUSEHOLD_ROLE_IN_FAMILY_STATUS_NORM; STANDALONE_ADULT_LEGAL_STATUS_NORM,under review,,,P005202,2-24-329-1166,351,Тымовский,Рыковское,329,Домникия Осипова Коленда,Женский,3,Поселка,Поселка,Сожительница,Сожительница,1268,РГБ № 1825
high,YES,ADULT_HOUSEHOLD_ROLE_IN_FAMILY_STATUS_NORM; STANDALONE_ADULT_LEGAL_STATUS_NORM,under review,,,P000905,1-02-186-0810,82,Александровский,Пост Александровский,186,Федор Петров Босых,Мужской,4,Поселенец,Поселенец,Хозяин,Хозяин,,РГБ № 607
high,YES,ADULT_HOUSEHOLD_ROLE_IN_FAMILY_STATUS_NORM; STANDALONE_ADULT_LEGAL_STATUS_NORM,under review,,,P000916,1-02-188-0821,83,Александровский,Пост Александровский,188,Карл Карлов,Мужской,4,Ссыльнокаторжный,Ссыльнокаторжный,Хозяин,Хозяин,,РГБ № 614
high,YES,ADULT_HOUSEHOLD_ROLE_IN_FAMILY_STATUS_NORM,under review,,,P001574,1-03-035-0141,123,Александровский,Корсаковское,35,Ефросинья Ивановна Ломоносова,Женский,4,Женщина свободного состояния,Свободного состояния,Жена,Жена,,РГБ № 2960
high,YES,ADULT_HOUSEHOLD_ROLE_IN_FAMILY_STATUS_NORM; STANDALONE_ADULT_LEGAL_STATUS_NORM,under review,,,P004549,2-24-139-0513,315,Тымовский,Рыковское,139,Федосей Федоров Скубко,Мужской,4,Поселенец,Поселенец,Хозяин,Хозяин,545,РГБ № 1378
high,YES,SERVICE_OR_HOUSEHOLD_ROLE_REVIEW; STANDALONE_ADULT_LEGAL_STATUS_NORM,under review,,,P000901,1-02-185-0806,82,Александровский,Пост Александровский,185,Дмитрий Заикин,Мужской,5,Поселенец,Поселенец,Жилец,Жилец,,РГБ № 604
high,YES,ADULT_HOUSEHOLD_ROLE_IN_FAMILY_STATUS_NORM; STANDALONE_ADULT_LEGAL_STATUS_NORM,under review,,,P001012,1-02-206-0917,89,Александровский,Пост Александровский,206,Влас Ильин Арцыбашев,Мужской,5,Ссыльнокаторжный,Ссыльнокаторжный,Хозяин,Хозяин,3-я Кирпичная. Жена и жильцы,РГБ № 687
high,YES,ADULT_HOUSEHOLD_ROLE_IN_FAMILY_STATUS_NORM; STANDALONE_ADULT_LEGAL_STATUS_NORM,under review,,,P001509,1-03-019-0076,119,Александровский,Корсаковское,19,Матрена Анисимовна Найдович,Женский,5,Поселка,Поселка,Сожительница,Сожительница,,РГБ № 2907
high,YES,ADULT_HOUSEHOLD_ROLE_IN_FAMILY_STATUS_NORM,under review,,,P001838,1-04-043-0145,139,Александровский,Ново-Михайловское,43,Софья Фролова Кучеренко,Женский,5,Женщина свободного состояния,Свободного состояния,Жена,Жена,,РГБ № 3228
high,YES,ADULT_HOUSEHOLD_ROLE_IN_FAMILY_STATUS_NORM,under review,,,P002872,1-18-000-0262,203,Александровский,Пост Дуэ,,Елена Ефимова Офросимова,Женский,5,Женщина свободного состояния,Свободного состояния,Жена,Жена,,РГАЛИ № 31
high,YES,ADULT_HOUSEHOLD_ROLE_IN_FAMILY_STATUS_NORM; STANDALONE_ADULT_LEGAL_STATUS_NORM,under review,,,P003885,2-22-059-0100,278,Тымовский,Воскресенское,59,Иван Ширыкалов,Мужской,5,Поселенец,Поселенец,Хозяин,Хозяин,,РГБ № 2632
high,YES,ADULT_HOUSEHOLD_ROLE_IN_FAMILY_STATUS_NORM; STANDALONE_ADULT_LEGAL_STATUS_NORM,under review,,,P005904,2-27-073-0142,391,Тымовский,Андрее-Ивановское,73,Тодор Савва,Мужской,5,Поселенец,Поселенец,Хозяин,Хозяин,,РГБ № 3545
high,YES,ADULT_HOUSEHOLD_ROLE_IN_FAMILY_STATUS_NORM; STANDALONE_ADULT_LEGAL_STATUS_NORM,under review,,,P006352,3-30-030-0040,425,Корсаковский,Поро-ан-Томари,30,Андрей Федоров Савельев,Мужской,6,Поселенец,Поселенец,Хозяин,Хозяин,,РГБ № 5829
high,YES,ADULT_HOUSEHOLD_ROLE_IN_FAMILY_STATUS_NORM; STANDALONE_ADULT_LEGAL_STATUS_NORM,under review,,,P006092,2-27-174-0330,401,Тымовский,Андрее-Ивановское,174,Нестер Арсеванидзе,Мужской,6,Поселенец,Поселенец,Хозяин,Хозяин,,РГБ № 3697
high,YES,ADULT_HOUSEHOLD_ROLE_IN_FAMILY_STATUS_NORM; STANDALONE_ADULT_LEGAL_STATUS_NORM,under review,,,P002570,1-14-030-0027,185,Александровский,Хоэ,30,Иван Марченко,Мужской,8,Поселенец,Поселенец,Сожитель,Сожитель,,РГБ № 6364
high,YES,STANDALONE_ADULT_LEGAL_STATUS_NORM,under review,,,P001721,1-04-006-0028,132,Александровский,Ново-Михайловское,6,Павел Евмениев Ткачев,Мужской,12,Крестьянин из ссыльных,Крестьянин из ссыльных,Сын,Сын,,РГБ № 4195
high,YES,ADULT_HOUSEHOLD_ROLE_IN_FAMILY_STATUS_NORM,under review,,,P000103,1-02-000-0008,33,Александровский,Пост Александровский,,Александра Федорова Гладышева,Женский,16,Свободного состояния,Свободного состояния,Сожительница жильца,Сожительница,,РГБ № 7182
high,YES,ADULT_HOUSEHOLD_ROLE_IN_FAMILY_STATUS_NORM,under review,,,P000253,1-02-020-0158,42,Александровский,Пост Александровский,20,Авдотья Семенова Плахотина,Женский,16,Свободного состояния,Свободного состояния,Сожительница,Сожительница,,РГБ № 7196
high,YES,ADULT_HOUSEHOLD_ROLE_IN_FAMILY_STATUS_NORM,under review,,,P000264,1-02-022-0169,43,Александровский,Пост Александровский,22,Сусанна Павлова Чупурина,Женский,17,Женщина свободного состояния,Свободного состояния,Жена,Жена,,РГБ № 7195
high,YES,ADULT_HOUSEHOLD_ROLE_IN_FAMILY_STATUS_NORM,under review,,,P002014,1-04-097-0321,150,Александровский,Ново-Михайловское,97,Аграфена Максимова Погорелова,Женский,17,Женщина свободного состояния,Свободного состояния,Жена,Жена,,РГБ № 7260
high,YES,ADULT_HOUSEHOLD_ROLE_IN_FAMILY_STATUS_NORM,under review,,,P002770,1-18-000-0160,197,Александровский,Пост Дуэ,,Пелагея Семенова Урусова,Женский,17,Женщина свободного состояния,Свободного состояния,Жена,Жена,Отец на Сахалине.2,РГБ № 7246
high,YES,ADULT_HOUSEHOLD_ROLE_IN_FAMILY_STATUS_NORM,under review,,,P007284,3-47-004-0006,477,Корсаковский,Малое Такоэ,4,Наталья Иванова Соловьева,Женский,17,Женщина свободного состояния,Свободного состояния,Сожительница,Сожительница,,РГБ № 7179
high,YES,ADULT_HOUSEHOLD_ROLE_IN_FAMILY_STATUS_NORM,under review,,,P000034,1-01-006-0034,29,Александровский,Александровское,6,Аграфена Андреева Петровская,Женский,18,Женщина свободного состояния,Свободного состояния,Жена,Жена,,РГБ № 7233
high,YES,ADULT_HOUSEHOLD_ROLE_IN_FAMILY_STATUS_NORM,under review,,,P001214,1-02-246-1119,101,Александровский,Пост Александровский,246,Марья Пантелеймонова Барановская,Женский,18,Свободного состояния,Свободного состояния,Жена,Жена,,РГБ № 7131
high,YES,ADULT_HOUSEHOLD_ROLE_IN_FAMILY_STATUS_NORM,under review,,,P002375,1-09-033-0014,174,Александровский,Арково II,33,Анна Маркова Ломоносова,Женский,18,Свободного состояния,Свободного состояния,Жена жильца,Жена,,РГБ № 7252
high,YES,ADULT_HOUSEHOLD_ROLE_IN_FAMILY_STATUS_NORM,under review,,,P002859,1-18-000-0249,202,Александровский,Пост Дуэ,,Анна Иванова Труленко,Женский,18,Свободного состояния,Свободного состояния,Жена,Жена,Отец на Сахалине ссыльнокаторжный.2,РГБ № 7247
high,YES,ADULT_HOUSEHOLD_ROLE_IN_FAMILY_STATUS_NORM,under review,,,P006183,3-29-008-0019,416,Корсаковский,Пост Корсаковский,8,Наталья Яковлева Жакомини,Женский,18,Дочь поселенца,Дочь поселенца,Жена,Жена,,РГБ № 7132
high,YES,ADULT_HOUSEHOLD_ROLE_IN_FAMILY_STATUS_NORM,under review,,,P006701,3-41-007-0012,445,Корсаковский,Владимировка,7,Матрена Прокофьева Мищенко,Женский,18,Дочь поселенца,Дочь поселенца,Жена,Жена,,РГБ № 7172
high,YES,ADULT_HOUSEHOLD_ROLE_IN_FAMILY_STATUS_NORM,under review,,,P003785,2-21-305-0632,273,Тымовский,Дербинское,305,Ревекка Гамберг,Женский,18,Свободного состояния жена поселенца,Свободного состояния,Жена,Жена,В городе Чита,РГБ № 7282
high,YES,ADULT_HOUSEHOLD_ROLE_IN_FAMILY_STATUS_NORM; STANDALONE_ADULT_LEGAL_STATUS_NORM,under review,,,P003968,2-22-104-0183,282,Тымовский,Воскресенское,104,Илья Страхов,Мужской,18,Поселенец,Поселенец,Хозяин,Хозяин,,РГБ № 7270
high,YES,ADULT_HOUSEHOLD_ROLE_IN_FAMILY_STATUS_NORM,under review,,,P004298,2-24-063-0262,301,Тымовский,Рыковское,63,Анна Федосеева Юркевич,Женский,18,Женщина свободного состояния,Свободного состояния,Жена,Жена,279,РГБ № 7207
high,YES,ADULT_HOUSEHOLD_ROLE_IN_FAMILY_STATUS_NORM,under review,,,P005701,2-26-033-0116,379,Тымовский,Мало-Тымово,33,Меланья Андреева Потылицына,Женский,18,Свободного состояния,Свободного состояния,Жена жильца,Жена,Отец на Сахалине.2,РГБ № 7275
medium,YES,BLANK_FAMILY_STATUS_NORM,under review,,,P007347,3-48-012-0021,480,Корсаковский,Сиянцы,12,Иван Архипов,Мужской,1,Сын ссыльнокаторжной,Сын ссыльнокаторжной,,,104,РГБ № 4875
medium,YES,BLANK_LEGAL_STATUS_NORM,under review,,,P002513,1-12-007-0020,182,Александровский,Мгачи,7,Илья,Мужской,2,,,Приемный сын,Приемный сын,352,РГБ № 5697
medium,YES,BLANK_FAMILY_STATUS_NORM,under review,,,P006595,3-37-010-0024,439,Корсаковский,Мицулька,10,Иван Бутов,Мужской,2,Сын поселки,Сын поселки,,,31,РГБ № 5664
medium,YES,BLANK_LEGAL_STATUS_NORM,under review,,,P004773,2-24-209-0737,327,Тымовский,Рыковское,209,Алексей Петров Сухов,Мужской,2,,,Сын совладельца,Сын,798,РГБ № 5610
medium,YES,BLANK_FAMILY_STATUS_NORM,under review,,,P002098,1-04-126-0405,155,Александровский,Ново-Михайловское,126,Егор Иванов Чернов,Мужской,3,Сын поселенца,Сын поселенца,,,,РГБ № 4554
medium,YES,BLANK_LEGAL_STATUS_NORM,under review,,,P002504,1-12-003-0011,182,Александровский,Мгачи,3,Прасковья,Женский,3,,,Дочь,Дочь,,РГБ № 5289
medium,YES,BLANK_LEGAL_STATUS_NORM,under review,,,P002577,1-15-034-0003,185,Александровский,Трамбаус,34,Меланья Мойсеева Федоренко,Женский,3,,,Дочь,Дочь,,РГБ № 5293
medium,YES,BLANK_LEGAL_STATUS_NORM,under review,,,P003561,2-21-202-0408,261,Тымовский,Дербинское,202,Александра Прокофьева Федорченко,Женский,3,,,Дочь,Дочь,,РГБ № 5272
medium,YES,BLANK_FAMILY_STATUS_NORM,under review,,,P004149,2-24-027-0113,292,Тымовский,Рыковское,27,Михаил Леонтьев Безбожный,Мужской,4,Сын поселенца,Сын поселенца,,,127,РГБ № 5309
medium,YES,BLANK_LEGAL_STATUS_NORM,under review,,,P002503,1-12-003-0010,182,Александровский,Мгачи,3,Фекла,Женский,5,,,Дочь,Дочь,,РГБ № 4288
medium,YES,BLANK_LEGAL_STATUS_NORM,under review,,,P002539,1-13-018-0011,183,Александровский,Танги,18,Марфа Харитонова Потапенко,Женский,5,,,Дочь,Дочь,,РГБ № 4289
medium,YES,BLANK_LEGAL_STATUS_NORM,under review,,,P002550,1-14-022-0007,184,Александровский,Хоэ,22,Роман Зиновьев Проценко,Мужской,5,,,Сын,Сын,,РГБ № 5433
medium,YES,BLANK_FAMILY_STATUS_NORM,under review,,,P007124,3-45-001-0003,468,Корсаковский,Кресты,1,Николай Кутков,Мужской,5,Сын ссыльнокаторжной,Сын ссыльнокаторжной,,,3,РГБ № 5421
medium,YES,BLANK_FAMILY_STATUS_NORM,under review,,,P004148,2-24-027-0112,292,Тымовский,Рыковское,27,Настасья Леонтьева Безбожная,Женский,5,Дочь поселенца,Дочь поселенца,,,126,РГБ № 4276а
medium,YES,BLANK_LEGAL_STATUS_NORM,under review,,,P002502,1-12-003-0009,182,Александровский,Мгачи,3,Игнатий,Мужской,7,,,Сын,Сын,,РГБ № 4373
medium,YES,BLANK_LEGAL_STATUS_NORM,under review,,,P006541,3-35-027-0047,436,Корсаковский,Лютога,27,Захар Балаховский,Мужской,8,,,Незаконнорожденный сын,Незаконнорожденный сын,,РГБ № 5774а
medium,YES,BLANK_FAMILY_STATUS_NORM,under review,,,P005707,2-26-035-0122,379,Тымовский,Мало-Тымово,35,Иван 2й Трофимов Лузин,Мужской,8,Сын поселенца,Сын поселенца,,,134,РГБ № 4470
medium,YES,BLANK_LEGAL_STATUS_NORM,under review,,,P002501,1-12-003-0008,182,Александровский,Мгачи,3,Лукерья,Женский,9,,,Дочь,Дочь,,РГБ № 5774
medium,YES,BLANK_LEGAL_STATUS_NORM,under review,,,P002527,1-12-014-0034,183,Александровский,Мгачи,14,Христинья Лаврентьева Шворень,Женский,11,,,Дочь,Дочь,,РГБ № 4495
medium,YES,BLANK_LEGAL_STATUS_NORM,under review,,,P004199,2-24-039-0163,295,Тымовский,Рыковское,39,Лукерья Петрова Лапшина,Женский,11,,,Приемная дочь,Приемная дочь,176 215,РГБ № 4257
medium,YES,SERVICE_OR_HOUSEHOLD_ROLE_REVIEW,under review,,,P000262,1-02-022-0167,43,Александровский,Пост Александровский,22,Аграфена Степанова Непомнящая,Женский,12,Дочь поселенеца Тымовского округа,Дочь поселенца,Нянька,Нянька,,РГБ № 4412
medium,YES,BLANK_LEGAL_STATUS_NORM,under review,,,P006540,3-35-027-0046,436,Корсаковский,Лютога,27,Аграфена Балаховская,Женский,12,,,Незаконнорожденная дочь,Незаконнорожденная дочь,,РГБ № 5775
medium,YES,BLANK_FAMILY_STATUS_NORM,under review,,,P004195,2-24-038-0159,295,Тымовский,Рыковское,38,Александр Яковлев Юдов,Мужской,12,Сын поселенца,Сын поселенца,,,174,РГБ № 4198
medium,YES,BLANK_LEGAL_STATUS_NORM,under review,,,P002604,1-17-048-0007,186,Александровский,Ванги,48,Василий,Мужской,14,,,Незаконнорожденный сын,Незаконнорожденный сын,12,РГБ № 5772
medium,YES,SERVICE_OR_HOUSEHOLD_ROLE_REVIEW,under review,,,P000039,1-01-006-0039,29,Александровский,Александровское,6,Капитолина Кузьмина Яганова,Женский,16,Свободного состояния Тымовского округа,Свободного состояния,Кухарка,Кухарка,,РГБ № 7232
medium,YES,NON_CHILD_FAMILY_STATUS_NORM_REVIEW,under review,,,P000015,1-01-003-0015,28,Александровский,Александровское,3,Авдотья Иванова Лопатина,Женский,17,Свободного состояния,Свободного состояния,Сестра,Сестра,,РГБ № 7236
medium,YES,SERVICE_OR_HOUSEHOLD_ROLE_REVIEW,under review,,,P004323,2-24-067-0287,302,Тымовский,Рыковское,67,Елена Константинова Ощаповская,Женский,17,Свободного состояния,Свободного состояния,Прислуга,Прислуга,Отец в Дербинском,РГБ № 7208
medium,YES,BLANK_FAMILY_STATUS_NORM,under review,,,P000125,1-02-000-0030,35,Александровский,Пост Александровский,,Михаил Иванов Чернов,Мужской,18,Сын поселенца,Сын поселенца,,,,РГБ № 7183
medium,YES,SERVICE_OR_HOUSEHOLD_ROLE_REVIEW,under review,,,P001330,1-02-280-1235,108,Александровский,Пост Александровский,280,Яков Никифоров Чупринин,Мужской,18,Свободного состояния,Свободного состояния,Жилец,Жилец,Отец в Михайловке.4,РГБ № 7187
medium,YES,BLANK_LEGAL_STATUS_NORM,under review,,,P002500,1-12-003-0007,182,Александровский,Мгачи,3,Мойсей,Мужской,18,,,Сын каюра. Сын,Сын,,РГБ № 7242
